step,g_phase_deg,LF_fx,LF_fz,LF_hip,LF_knee,LF_swing,LH_fx,LH_fz,LH_hip,LH_knee,LH_swing,RF_fx,RF_fz,RF_hip,RF_knee,RF_swing,RH_fx,RH_fz,RH_hip,RH_knee,RH_swing
0,0.0,-13.125,0.0,142.188,100.302,0,-35.0,0.0,149.997,120.518,1,30.625,0.0,84.398,65.286,0,8.75,0.0,57.579,81.435,0
1,1.8,-13.562,0.0,142.48,100.514,0,-34.871,0.174,150.287,119.9,1,30.188,0.0,83.804,65.809,0,8.312,0.0,57.102,81.57,0
2,3.6,-14.0,0.0,142.767,100.734,0,-34.492,0.683,151.118,118.12,1,29.75,0.0,83.212,66.323,0,7.875,0.0,56.628,81.699,0
3,5.4,-14.437,0.0,143.049,100.961,0,-33.878,1.51,152.418,115.324,1,29.312,0.0,82.624,66.827,0,7.438,0.0,56.156,81.82,0
4,7.2,-14.875,0.0,143.326,101.195,0,-33.04,2.636,154.099,111.683,1,28.875,0.0,82.038,67.322,0,7.0,0.0,55.687,81.934,0
5,9.0,-15.312,0.0,143.599,101.436,0,-31.992,4.037,156.071,107.37,1,28.438,0.0,81.455,67.808,0,6.562,0.0,55.221,82.041,0
6,10.8,-15.75,0.0,143.866,101.684,0,-30.748,5.691,158.246,102.542,1,28.0,0.0,80.875,68.284,0,6.125,0.0,54.758,82.142,0
7,12.6,-16.188,0.0,144.128,101.94,0,-29.319,7.566,160.542,97.342,1,27.562,0.0,80.297,68.752,0,5.688,0.0,54.297,82.235,0
8,14.4,-16.625,0.0,144.386,102.203,0,-27.72,9.628,162.878,91.893,1,27.125,0.0,79.721,69.211,0,5.25,0.0,53.84,82.322,0
9,16.2,-17.062,0.0,144.638,102.473,0,-25.963,11.836,165.174,86.307,1,26.688,0.0,79.148,69.661,0,4.812,0.0,53.385,82.401,0
10,18.0,-17.5,0.0,144.885,102.75,0,-24.062,14.142,167.345,80.684,1,26.25,0.0,78.578,70.103,0,4.375,0.0,52.934,82.474,0
11,19.8,-17.938,0.0,145.127,103.035,0,-22.03,16.493,169.296,75.119,1,25.812,0.0,78.01,70.536,0,3.938,0.0,52.485,82.539,0
12,21.6,-18.375,0.0,145.364,103.327,0,-19.88,18.831,170.922,69.706,1,25.375,0.0,77.444,70.961,0,3.5,0.0,52.039,82.598,0
13,23.4,-18.812,0.0,145.595,103.627,0,-17.625,21.094,172.102,64.538,1,24.938,0.0,76.88,71.377,0,3.063,0.0,51.597,82.65,0
14,25.2,-19.25,0.0,145.821,103.934,0,-15.277,23.22,172.7,59.713,1,24.5,0.0,76.319,71.785,0,2.625,0.0,51.158,82.695,0
15,27.0,-19.688,0.0,146.042,104.248,0,-12.852,25.147,172.573,55.335,1,24.062,0.0,75.76,72.185,0,2.188,0.0,50.722,82.733,0
16,28.8,-20.125,0.0,146.257,104.57,0,-10.36,26.815,171.581,51.514,1,23.625,0.0,75.203,72.577,0,1.75,0.0,50.289,82.764,0
17,30.6,-20.562,0.0,146.467,104.9,0,-7.816,28.173,169.614,48.366,1,23.188,0.0,74.649,72.961,0,1.313,0.0,49.859,82.788,0
18,32.4,-21.0,0.0,146.672,105.237,0,-5.233,29.177,166.63,46.009,1,22.75,0.0,74.096,73.337,0,0.875,0.0,49.433,82.805,0
19,34.2,-21.438,0.0,146.87,105.582,0,-2.623,29.792,162.69,44.545,1,22.312,0.0,73.546,73.705,0,0.438,0.0,49.01,82.816,0
20,36.0,-21.875,0.0,147.064,105.934,0,0.0,30.0,157.976,44.049,1,21.875,0.0,72.998,74.066,0,0.0,0.0,48.59,82.819,0
21,37.8,-22.312,0.0,147.252,106.295,0,2.623,29.792,152.765,44.545,1,21.438,0.0,72.452,74.418,0,-0.438,0.0,48.174,82.816,0
22,39.6,-22.75,0.0,147.434,106.663,0,5.232,29.177,147.361,46.009,1,21.0,0.0,71.909,74.763,0,-0.875,0.0,47.762,82.805,0
23,41.4,-23.187,0.0,147.61,107.039,0,7.816,28.173,142.019,48.366,1,20.563,0.0,71.367,75.1,0,-1.312,0.0,47.353,82.788,0
24,43.2,-23.625,0.0,147.781,107.423,0,10.36,26.815,136.905,51.514,1,20.125,0.0,70.827,75.43,0,-1.75,0.0,46.947,82.764,0
25,45.0,-24.062,0.0,147.946,107.815,0,12.852,25.147,132.092,55.335,1,19.688,0.0,70.29,75.752,0,-2.188,0.0,46.546,82.733,0
26,46.8,-24.5,0.0,148.104,108.215,0,15.278,23.22,127.586,59.713,1,19.25,0.0,69.755,76.066,0,-2.625,0.0,46.147,82.695,0
27,48.6,-24.937,0.0,148.258,108.623,0,17.625,21.094,123.36,64.538,1,18.812,0.0,69.222,76.373,0,-3.062,0.0,45.753,82.65,0
28,50.4,-25.375,0.0,148.405,109.039,0,19.88,18.831,119.372,69.706,1,18.375,0.0,68.691,76.673,0,-3.5,0.0,45.362,82.598,0
29,52.2,-25.812,0.0,148.546,109.464,0,22.03,16.493,115.585,75.119,1,17.938,0.0,68.162,76.965,0,-3.938,0.0,44.976,82.539,0
30,54.0,-26.25,0.0,148.681,109.897,0,24.062,14.142,111.971,80.684,1,17.5,0.0,67.635,77.25,0,-4.375,0.0,44.593,82.474,0
31,55.8,-26.688,0.0,148.81,110.339,0,25.963,11.836,108.519,86.307,1,17.063,0.0,67.111,77.527,0,-4.812,0.0,44.214,82.401,0
32,57.6,-27.125,0.0,148.932,110.789,0,27.72,9.628,105.229,91.893,1,16.625,0.0,66.589,77.797,0,-5.25,0.0,43.839,82.322,0
33,59.4,-27.562,0.0,149.049,111.248,0,29.319,7.566,102.117,97.342,1,16.188,0.0,66.068,78.06,0,-5.688,0.0,43.467,82.235,0
34,61.2,-28.0,0.0,149.159,111.716,0,30.748,5.691,99.212,102.542,1,15.75,0.0,65.55,78.316,0,-6.125,0.0,43.1,82.142,0
35,63.0,-28.438,0.0,149.263,112.192,0,31.992,4.037,96.56,107.37,1,15.313,0.0,65.035,78.564,0,-6.562,0.0,42.737,82.041,0
36,64.8,-28.875,0.0,149.36,112.678,0,33.04,2.636,94.218,111.683,1,14.875,0.0,64.521,78.805,0,-7.0,0.0,42.379,81.934,0
37,66.6,-29.312,0.0,149.451,113.173,0,33.878,1.51,92.258,115.324,1,14.438,0.0,64.01,79.039,0,-7.438,0.0,42.024,81.82,0
38,68.4,-29.75,0.0,149.535,113.677,0,34.493,0.683,90.762,118.12,1,14.0,0.0,63.501,79.266,0,-7.875,0.0,41.673,81.699,0
39,70.2,-30.188,0.0,149.613,114.191,0,34.871,0.174,89.813,119.9,1,13.563,0.0,62.994,79.486,0,-8.312,0.0,41.327,81.57,0
40,72.0,-30.625,0.0,149.683,114.714,0,35.0,0.0,89.484,120.518,0,13.125,0.0,62.49,79.698,0,-8.75,0.0,40.985,81.435,0
41,73.8,-31.062,0.0,149.747,115.247,0,34.563,0.0,90.112,119.888,0,12.688,0.0,61.988,79.904,0,-9.187,0.0,40.648,81.293,0
42,75.6,-31.5,0.0,149.804,115.79,0,34.125,0.0,90.736,119.269,0,12.25,0.0,61.488,80.102,0,-9.625,0.0,40.314,81.144,0
43,77.4,-31.937,0.0,149.854,116.343,0,33.688,0.0,91.357,118.662,0,11.813,0.0,60.991,80.293,0,-10.062,0.0,39.986,80.988,0
44,79.2,-32.375,0.0,149.897,116.907,0,33.25,0.0,91.973,118.066,0,11.375,0.0,60.496,80.478,0,-10.5,0.0,39.661,80.825,0
45,81.0,-32.812,0.0,149.933,117.481,0,32.812,0.0,92.586,117.481,0,10.938,0.0,60.004,80.655,0,-10.937,0.0,39.342,80.655,0
46,82.8,-33.25,0.0,149.961,118.066,0,32.375,0.0,93.196,116.907,0,10.5,0.0,59.514,80.825,0,-11.375,0.0,39.026,80.478,0
47,84.6,-33.688,0.0,149.981,118.662,0,31.938,0.0,93.802,116.343,0,10.063,0.0,59.026,80.988,0,-11.813,0.0,38.716,80.293,0
48,86.4,-34.125,0.0,149.995,119.269,0,31.5,0.0,94.405,115.79,0,9.625,0.0,58.542,81.144,0,-12.25,0.0,38.41,80.102,0
49,88.2,-34.562,0.0,150.0,119.888,0,31.062,0.0,95.005,115.247,0,9.188,0.0,58.059,81.293,0,-12.687,0.0,38.108,79.904,0
50,90.0,-35.0,0.0,149.997,120.518,0,30.625,0.0,95.602,114.714,0,8.75,0.0,57.579,81.435,0,-13.125,0.0,37.812,79.698,0
51,91.8,-34.871,0.174,150.287,119.9,1,30.188,0.0,96.196,114.191,0,8.312,0.0,57.102,81.57,0,-13.562,0.0,37.52,79.486,0
52,93.6,-34.493,0.683,151.118,118.12,1,29.75,0.0,96.788,113.677,0,7.875,0.0,56.628,81.699,0,-14.0,0.0,37.233,79.266,0
53,95.4,-33.878,1.51,152.418,115.324,1,29.312,0.0,97.376,113.173,0,7.438,0.0,56.156,81.82,0,-14.437,0.0,36.951,79.039,0
54,97.2,-33.04,2.636,154.099,111.683,1,28.875,0.0,97.962,112.678,0,7.0,0.0,55.687,81.934,0,-14.875,0.0,36.674,78.805,0
55,99.0,-31.992,4.037,156.071,107.37,1,28.438,0.0,98.545,112.192,0,6.562,0.0,55.221,82.041,0,-15.312,0.0,36.401,78.564,0
56,100.8,-30.748,5.691,158.246,102.542,1,28.0,0.0,99.125,111.716,0,6.125,0.0,54.758,82.142,0,-15.75,0.0,36.134,78.316,0
57,102.6,-29.319,7.566,160.542,97.342,1,27.563,0.0,99.703,111.248,0,5.688,0.0,54.297,82.235,0,-16.188,0.0,35.872,78.06,0
58,104.4,-27.72,9.628,162.878,91.893,1,27.125,0.0,100.279,110.789,0,5.25,0.0,53.84,82.322,0,-16.625,0.0,35.614,77.797,0
59,106.2,-25.963,11.836,165.174,86.307,1,26.688,0.0,100.852,110.339,0,4.812,0.0,53.385,82.401,0,-17.062,0.0,35.362,77.527,0
60,108.0,-24.062,14.142,167.345,80.684,1,26.25,0.0,101.422,109.897,0,4.375,0.0,52.934,82.474,0,-17.5,0.0,35.115,77.25,0
61,109.8,-22.03,16.493,169.296,75.119,1,25.812,0.0,101.99,109.464,0,3.938,0.0,52.485,82.539,0,-17.938,0.0,34.873,76.965,0
62,111.6,-19.88,18.831,170.922,69.706,1,25.375,0.0,102.556,109.039,0,3.5,0.0,52.039,82.598,0,-18.375,0.0,34.636,76.673,0
63,113.4,-17.625,21.094,172.102,64.538,1,24.938,0.0,103.12,108.623,0,3.062,0.0,51.597,82.65,0,-18.812,0.0,34.405,76.373,0
64,115.2,-15.277,23.22,172.7,59.713,1,24.5,0.0,103.681,108.215,0,2.625,0.0,51.158,82.695,0,-19.25,0.0,34.179,76.066,0
65,117.0,-12.852,25.147,172.573,55.335,1,24.062,0.0,104.24,107.815,0,2.188,0.0,50.722,82.733,0,-19.688,0.0,33.958,75.752,0
66,118.8,-10.36,26.815,171.581,51.514,1,23.625,0.0,104.797,107.423,0,1.75,0.0,50.289,82.764,0,-20.125,0.0,33.743,75.43,0
67,120.6,-7.816,28.173,169.614,48.366,1,23.188,0.0,105.351,107.039,0,1.313,0.0,49.859,82.788,0,-20.562,0.0,33.533,75.1,0
68,122.4,-5.232,29.177,166.63,46.009,1,22.75,0.0,105.904,106.663,0,0.875,0.0,49.433,82.805,0,-21.0,0.0,33.328,74.763,0
69,124.2,-2.623,29.792,162.69,44.545,1,22.312,0.0,106.454,106.295,0,0.438,0.0,49.01,82.816,0,-21.438,0.0,33.13,74.418,0
70,126.0,0.0,30.0,157.976,44.049,1,21.875,0.0,107.002,105.934,0,0.0,0.0,48.59,82.819,0,-21.875,0.0,32.936,74.066,0
71,127.8,2.623,29.792,152.765,44.545,1,21.438,0.0,107.548,105.582,0,-0.438,0.0,48.174,82.816,0,-22.312,0.0,32.748,73.705,0
72,129.6,5.232,29.177,147.361,46.009,1,21.0,0.0,108.091,105.237,0,-0.875,0.0,47.762,82.805,0,-22.75,0.0,32.566,73.337,0
73,131.4,7.816,28.173,142.019,48.366,1,20.563,0.0,108.633,104.9,0,-1.312,0.0,47.353,82.788,0,-23.187,0.0,32.39,72.961,0
74,133.2,10.36,26.815,136.905,51.514,1,20.125,0.0,109.173,104.57,0,-1.75,0.0,46.947,82.764,0,-23.625,0.0,32.219,72.577,0
75,135.0,12.852,25.147,132.092,55.335,1,19.688,0.0,109.71,104.248,0,-2.188,0.0,46.546,82.733,0,-24.062,0.0,32.054,72.185,0
76,136.8,15.277,23.22,127.586,59.713,1,19.25,0.0,110.245,103.934,0,-2.625,0.0,46.147,82.695,0,-24.5,0.0,31.896,71.785,0
77,138.6,17.625,21.094,123.36,64.538,1,18.812,0.0,110.778,103.627,0,-3.062,0.0,45.753,82.65,0,-24.938,0.0,31.742,71.377,0
78,140.4,19.88,18.831,119.372,69.706,1,18.375,0.0,111.309,103.327,0,-3.5,0.0,45.362,82.598,0,-25.375,0.0,31.595,70.961,0
79,142.2,22.03,16.493,115.585,75.119,1,17.938,0.0,111.838,103.035,0,-3.938,0.0,44.976,82.539,0,-25.812,0.0,31.454,70.536,0
80,144.0,24.062,14.142,111.971,80.684,1,17.5,0.0,112.365,102.75,0,-4.375,0.0,44.593,82.474,0,-26.25,0.0,31.319,70.103,0
81,145.8,25.963,11.836,108.519,86.307,1,17.063,0.0,112.889,102.473,0,-4.812,0.0,44.214,82.401,0,-26.688,0.0,31.19,69.661,0
82,147.6,27.72,9.628,105.229,91.893,1,16.625,0.0,113.411,102.203,0,-5.25,0.0,43.839,82.322,0,-27.125,0.0,31.068,69.211,0
83,149.4,29.319,7.566,102.117,97.342,1,16.188,0.0,113.932,101.94,0,-5.688,0.0,43.467,82.235,0,-27.562,0.0,30.951,68.752,0
84,151.2,30.748,5.691,99.212,102.542,1,15.75,0.0,114.45,101.684,0,-6.125,0.0,43.1,82.142,0,-28.0,0.0,30.841,68.284,0
85,153.0,31.992,4.037,96.56,107.37,1,15.313,0.0,114.965,101.436,0,-6.562,0.0,42.737,82.041,0,-28.438,0.0,30.737,67.808,0
86,154.8,33.04,2.636,94.218,111.683,1,14.875,0.0,115.479,101.195,0,-7.0,0.0,42.379,81.934,0,-28.875,0.0,30.64,67.322,0
87,156.6,33.878,1.51,92.258,115.324,1,14.438,0.0,115.99,100.961,0,-7.437,0.0,42.024,81.82,0,-29.312,0.0,30.549,66.827,0
88,158.4,34.493,0.683,90.762,118.12,1,14.0,0.0,116.499,100.734,0,-7.875,0.0,41.673,81.699,0,-29.75,0.0,30.465,66.323,0
89,160.2,34.871,0.174,89.813,119.9,1,13.563,0.0,117.006,100.514,0,-8.312,0.0,41.327,81.57,0,-30.188,0.0,30.387,65.809,0
90,162.0,35.0,0.0,89.484,120.518,0,13.125,0.0,117.51,100.302,0,-8.75,0.0,40.985,81.435,0,-30.625,0.0,30.317,65.286,0
91,163.8,34.563,0.0,90.112,119.888,0,12.688,0.0,118.012,100.096,0,-9.187,0.0,40.648,81.293,0,-31.062,0.0,30.253,64.753,0
92,165.6,34.125,0.0,90.736,119.269,0,12.25,0.0,118.512,99.898,0,-9.625,0.0,40.314,81.144,0,-31.5,0.0,30.196,64.21,0
93,167.4,33.688,0.0,91.357,118.662,0,11.813,0.0,119.009,99.707,0,-10.062,0.0,39.986,80.988,0,-31.937,0.0,30.146,63.657,0
94,169.2,33.25,0.0,91.973,118.066,0,11.375,0.0,119.504,99.522,0,-10.5,0.0,39.661,80.825,0,-32.375,0.0,30.103,63.093,0
95,171.0,32.812,0.0,92.586,117.481,0,10.938,0.0,119.996,99.345,0,-10.937,0.0,39.342,80.655,0,-32.812,0.0,30.067,62.519,0
96,172.8,32.375,0.0,93.196,116.907,0,10.5,0.0,120.486,99.175,0,-11.375,0.0,39.026,80.478,0,-33.25,0.0,30.039,61.934,0
97,174.6,31.937,0.0,93.802,116.343,0,10.063,0.0,120.974,99.012,0,-11.813,0.0,38.716,80.293,0,-33.688,0.0,30.019,61.338,0
98,176.4,31.5,0.0,94.405,115.79,0,9.625,0.0,121.458,98.856,0,-12.25,0.0,38.41,80.102,0,-34.125,0.0,30.005,60.731,0
99,178.2,31.062,0.0,95.005,115.247,0,9.188,0.0,121.941,98.707,0,-12.687,0.0,38.108,79.904,0,-34.562,0.0,30.0,60.112,0
100,180.0,30.625,0.0,95.602,114.714,0,8.75,0.0,122.421,98.565,0,-13.125,0.0,37.812,79.698,0,-35.0,0.0,30.003,59.482,0
101,181.8,30.188,0.0,96.196,114.191,0,8.312,0.0,122.898,98.43,0,-13.562,0.0,37.52,79.486,0,-34.871,0.174,29.713,60.1,1
102,183.6,29.75,0.0,96.788,113.677,0,7.875,0.0,123.372,98.301,0,-14.0,0.0,37.233,79.266,0,-34.493,0.683,28.882,61.88,1
103,185.4,29.313,0.0,97.376,113.173,0,7.438,0.0,123.844,98.18,0,-14.437,0.0,36.951,79.039,0,-33.878,1.51,27.582,64.676,1
104,187.2,28.875,0.0,97.962,112.678,0,7.0,0.0,124.313,98.066,0,-14.875,0.0,36.674,78.805,0,-33.04,2.636,25.901,68.317,1
105,189.0,28.438,0.0,98.545,112.192,0,6.562,0.0,124.779,97.959,0,-15.312,0.0,36.401,78.564,0,-31.992,4.037,23.929,72.63,1
106,190.8,28.0,0.0,99.125,111.716,0,6.125,0.0,125.242,97.858,0,-15.75,0.0,36.134,78.316,0,-30.747,5.691,21.754,77.458,1
107,192.6,27.562,0.0,99.703,111.248,0,5.688,0.0,125.703,97.765,0,-16.188,0.0,35.872,78.06,0,-29.319,7.566,19.458,82.658,1
108,194.4,27.125,0.0,100.279,110.789,0,5.25,0.0,126.16,97.678,0,-16.625,0.0,35.614,77.797,0,-27.72,9.628,17.122,88.107,1
109,196.2,26.688,0.0,100.852,110.339,0,4.813,0.0,126.615,97.599,0,-17.062,0.0,35.362,77.527,0,-25.963,11.836,14.826,93.693,1
110,198.0,26.25,0.0,101.422,109.897,0,4.375,0.0,127.066,97.526,0,-17.5,0.0,35.115,77.25,0,-24.062,14.142,12.655,99.316,1
111,199.8,25.812,0.0,101.99,109.464,0,3.937,0.0,127.515,97.461,0,-17.938,0.0,34.873,76.965,0,-22.03,16.493,10.704,104.881,1
112,201.6,25.375,0.0,102.556,109.039,0,3.5,0.0,127.961,97.402,0,-18.375,0.0,34.636,76.673,0,-19.88,18.831,9.078,110.294,1
113,203.4,24.938,0.0,103.12,108.623,0,3.063,0.0,128.403,97.35,0,-18.812,0.0,34.405,76.373,0,-17.625,21.094,7.898,115.462,1
114,205.2,24.5,0.0,103.681,108.215,0,2.625,0.0,128.842,97.305,0,-19.25,0.0,34.179,76.066,0,-15.278,23.22,7.3,120.287,1
115,207.0,24.062,0.0,104.24,107.815,0,2.187,0.0,129.278,97.267,0,-19.688,0.0,33.958,75.752,0,-12.852,25.147,7.427,124.665,1
116,208.8,23.625,0.0,104.797,107.423,0,1.75,0.0,129.711,97.236,0,-20.125,0.0,33.743,75.43,0,-10.36,26.815,8.419,128.486,1
117,210.6,23.187,0.0,105.351,107.039,0,1.313,0.0,130.141,97.212,0,-20.562,0.0,33.533,75.1,0,-7.816,28.173,10.386,131.634,1
118,212.4,22.75,0.0,105.904,106.663,0,0.875,0.0,130.567,97.195,0,-21.0,0.0,33.328,74.763,0,-5.232,29.177,13.37,133.991,1
119,214.2,22.312,0.0,106.454,106.295,0,0.438,0.0,130.99,97.184,0,-21.438,0.0,33.13,74.418,0,-2.623,29.792,17.31,135.455,1
120,216.0,21.875,0.0,107.002,105.934,0,0.0,0.0,131.41,97.181,0,-21.875,0.0,32.936,74.066,0,0.0,30.0,22.024,135.951,1
121,217.8,21.438,0.0,107.548,105.582,0,-0.438,0.0,131.826,97.184,0,-22.312,0.0,32.748,73.705,0,2.623,29.792,27.235,135.455,1
122,219.6,21.0,0.0,108.091,105.237,0,-0.875,0.0,132.238,97.195,0,-22.75,0.0,32.566,73.337,0,5.232,29.177,32.639,133.991,1
123,221.4,20.563,0.0,108.633,104.9,0,-1.312,0.0,132.647,97.212,0,-23.187,0.0,32.39,72.961,0,7.816,28.173,37.981,131.634,1
124,223.2,20.125,0.0,109.173,104.57,0,-1.75,0.0,133.053,97.236,0,-23.625,0.0,32.219,72.577,0,10.36,26.815,43.095,128.486,1
125,225.0,19.688,0.0,109.71,104.248,0,-2.187,0.0,133.454,97.267,0,-24.062,0.0,32.054,72.185,0,12.852,25.147,47.908,124.665,1
126,226.8,19.25,0.0,110.245,103.934,0,-2.625,0.0,133.853,97.305,0,-24.5,0.0,31.896,71.785,0,15.278,23.22,52.414,120.287,1
127,228.6,18.812,0.0,110.778,103.627,0,-3.062,0.0,134.247,97.35,0,-24.938,0.0,31.742,71.377,0,17.625,21.094,56.64,115.462,1
128,230.4,18.375,0.0,111.309,103.327,0,-3.5,0.0,134.638,97.402,0,-25.375,0.0,31.595,70.961,0,19.88,18.831,60.628,110.294,1
129,232.2,17.938,0.0,111.838,103.035,0,-3.938,0.0,135.024,97.461,0,-25.812,0.0,31.454,70.536,0,22.03,16.493,64.415,104.881,1
130,234.0,17.5,0.0,112.365,102.75,0,-4.375,0.0,135.407,97.526,0,-26.25,0.0,31.319,70.103,0,24.062,14.142,68.029,99.316,1
131,235.8,17.063,0.0,112.889,102.473,0,-4.812,0.0,135.786,97.599,0,-26.688,0.0,31.19,69.661,0,25.963,11.836,71.481,93.693,1
132,237.6,16.625,0.0,113.411,102.203,0,-5.25,0.0,136.161,97.678,0,-27.125,0.0,31.068,69.211,0,27.72,9.628,74.771,88.107,1
133,239.4,16.187,0.0,113.932,101.94,0,-5.688,0.0,136.533,97.765,0,-27.562,0.0,30.951,68.752,0,29.319,7.566,77.883,82.658,1
134,241.2,15.75,0.0,114.45,101.684,0,-6.125,0.0,136.9,97.858,0,-28.0,0.0,30.841,68.284,0,30.748,5.691,80.788,77.458,1
135,243.0,15.312,0.0,114.965,101.436,0,-6.562,0.0,137.263,97.959,0,-28.438,0.0,30.737,67.808,0,31.992,4.037,83.44,72.63,1
136,244.8,14.875,0.0,115.479,101.195,0,-7.0,0.0,137.621,98.066,0,-28.875,0.0,30.64,67.322,0,33.04,2.636,85.782,68.317,1
137,246.6,14.437,0.0,115.99,100.961,0,-7.438,0.0,137.976,98.18,0,-29.312,0.0,30.549,66.827,0,33.878,1.51,87.742,64.676,1
138,248.4,14.0,0.0,116.499,100.734,0,-7.875,0.0,138.327,98.301,0,-29.75,0.0,30.465,66.323,0,34.493,0.683,89.238,61.88,1
139,250.2,13.563,0.0,117.006,100.514,0,-8.312,0.0,138.673,98.43,0,-30.188,0.0,30.387,65.809,0,34.871,0.174,90.187,60.1,1
140,252.0,13.125,0.0,117.51,100.302,0,-8.75,0.0,139.015,98.565,0,-30.625,0.0,30.317,65.286,0,35.0,0.0,90.516,59.482,0
141,253.8,12.688,0.0,118.012,100.096,0,-9.187,0.0,139.352,98.707,0,-31.062,0.0,30.253,64.753,0,34.563,0.0,89.888,60.112,0
142,255.6,12.25,0.0,118.512,99.898,0,-9.625,0.0,139.686,98.856,0,-31.5,0.0,30.196,64.21,0,34.125,0.0,89.264,60.731,0
143,257.4,11.813,0.0,119.009,99.707,0,-10.063,0.0,140.014,99.012,0,-31.938,0.0,30.146,63.657,0,33.688,0.0,88.643,61.338,0
144,259.2,11.375,0.0,119.504,99.522,0,-10.5,0.0,140.339,99.175,0,-32.375,0.0,30.103,63.093,0,33.25,0.0,88.027,61.934,0
145,261.0,10.938,0.0,119.996,99.345,0,-10.937,0.0,140.658,99.345,0,-32.812,0.0,30.067,62.519,0,32.812,0.0,87.414,62.519,0
146,262.8,10.5,0.0,120.486,99.175,0,-11.375,0.0,140.974,99.522,0,-33.25,0.0,30.039,61.934,0,32.375,0.0,86.804,63.093,0
147,264.6,10.062,0.0,120.974,99.012,0,-11.813,0.0,141.284,99.707,0,-33.688,0.0,30.019,61.338,0,31.937,0.0,86.198,63.657,0
148,266.4,9.625,0.0,121.458,98.856,0,-12.25,0.0,141.59,99.898,0,-34.125,0.0,30.005,60.731,0,31.5,0.0,85.595,64.21,0
149,268.2,9.188,0.0,121.941,98.707,0,-12.687,0.0,141.892,100.096,0,-34.562,0.0,30.0,60.112,0,31.062,0.0,84.995,64.753,0
150,270.0,8.75,0.0,122.421,98.565,0,-13.125,0.0,142.188,100.302,0,-35.0,0.0,30.003,59.482,0,30.625,0.0,84.398,65.286,0
151,271.8,8.312,0.0,122.898,98.43,0,-13.562,0.0,142.48,100.514,0,-34.871,0.174,29.713,60.1,1,30.188,0.0,83.804,65.809,0
152,273.6,7.875,0.0,123.372,98.301,0,-14.0,0.0,142.767,100.734,0,-34.493,0.683,28.882,61.88,1,29.75,0.0,83.212,66.323,0
153,275.4,7.437,0.0,123.844,98.18,0,-14.437,0.0,143.049,100.961,0,-33.878,1.51,27.582,64.676,1,29.312,0.0,82.624,66.827,0
154,277.2,7.0,0.0,124.313,98.066,0,-14.875,0.0,143.326,101.195,0,-33.04,2.636,25.901,68.317,1,28.875,0.0,82.038,67.322,0
155,279.0,6.562,0.0,124.779,97.959,0,-15.312,0.0,143.599,101.436,0,-31.992,4.037,23.929,72.63,1,28.438,0.0,81.455,67.808,0
156,280.8,6.125,0.0,125.242,97.858,0,-15.75,0.0,143.866,101.684,0,-30.748,5.691,21.754,77.458,1,28.0,0.0,80.875,68.284,0
157,282.6,5.688,0.0,125.703,97.765,0,-16.188,0.0,144.128,101.94,0,-29.319,7.566,19.458,82.658,1,27.563,0.0,80.297,68.752,0
158,284.4,5.25,0.0,126.16,97.678,0,-16.625,0.0,144.386,102.203,0,-27.72,9.628,17.122,88.107,1,27.125,0.0,79.721,69.211,0
159,286.2,4.812,0.0,126.615,97.599,0,-17.062,0.0,144.638,102.473,0,-25.963,11.836,14.826,93.693,1,26.688,0.0,79.148,69.661,0
160,288.0,4.375,0.0,127.066,97.526,0,-17.5,0.0,144.885,102.75,0,-24.062,14.142,12.655,99.316,1,26.25,0.0,78.578,70.103,0
161,289.8,3.938,0.0,127.515,97.461,0,-17.938,0.0,145.127,103.035,0,-22.03,16.493,10.704,104.881,1,25.812,0.0,78.01,70.536,0
162,291.6,3.5,0.0,127.961,97.402,0,-18.375,0.0,145.364,103.327,0,-19.88,18.831,9.078,110.294,1,25.375,0.0,77.444,70.961,0
163,293.4,3.063,0.0,128.403,97.35,0,-18.812,0.0,145.595,103.627,0,-17.625,21.094,7.898,115.462,1,24.938,0.0,76.88,71.377,0
164,295.2,2.625,0.0,128.842,97.305,0,-19.25,0.0,145.821,103.934,0,-15.278,23.22,7.3,120.287,1,24.5,0.0,76.319,71.785,0
165,297.0,2.188,0.0,129.278,97.267,0,-19.687,0.0,146.042,104.248,0,-12.852,25.147,7.427,124.665,1,24.063,0.0,75.76,72.185,0
166,298.8,1.75,0.0,129.711,97.236,0,-20.125,0.0,146.257,104.57,0,-10.36,26.815,8.419,128.486,1,23.625,0.0,75.203,72.577,0
167,300.6,1.312,0.0,130.141,97.212,0,-20.562,0.0,146.467,104.9,0,-7.816,28.173,10.386,131.634,1,23.187,0.0,74.649,72.961,0
168,302.4,0.875,0.0,130.567,97.195,0,-21.0,0.0,146.672,105.237,0,-5.232,29.177,13.37,133.991,1,22.75,0.0,74.096,73.337,0
169,304.2,0.438,0.0,130.99,97.184,0,-21.438,0.0,146.87,105.582,0,-2.623,29.792,17.31,135.455,1,22.312,0.0,73.546,73.705,0
170,306.0,0.0,0.0,131.41,97.181,0,-21.875,0.0,147.064,105.934,0,0.0,30.0,22.024,135.951,1,21.875,0.0,72.998,74.066,0
171,307.8,-0.438,0.0,131.826,97.184,0,-22.312,0.0,147.252,106.295,0,2.623,29.792,27.235,135.455,1,21.438,0.0,72.452,74.418,0
172,309.6,-0.875,0.0,132.238,97.195,0,-22.75,0.0,147.434,106.663,0,5.232,29.177,32.639,133.991,1,21.0,0.0,71.909,74.763,0
173,311.4,-1.312,0.0,132.647,97.212,0,-23.187,0.0,147.61,107.039,0,7.816,28.173,37.981,131.634,1,20.563,0.0,71.367,75.1,0
174,313.2,-1.75,0.0,133.053,97.236,0,-23.625,0.0,147.781,107.423,0,10.36,26.815,43.095,128.486,1,20.125,0.0,70.827,75.43,0
175,315.0,-2.187,0.0,133.454,97.267,0,-24.062,0.0,147.946,107.815,0,12.852,25.147,47.908,124.665,1,19.688,0.0,70.29,75.752,0
176,316.8,-2.625,0.0,133.853,97.305,0,-24.5,0.0,148.104,108.215,0,15.277,23.22,52.414,120.287,1,19.25,0.0,69.755,76.066,0
177,318.6,-3.063,0.0,134.247,97.35,0,-24.938,0.0,148.258,108.623,0,17.625,21.094,56.64,115.462,1,18.812,0.0,69.222,76.373,0
178,320.4,-3.5,0.0,134.638,97.402,0,-25.375,0.0,148.405,109.039,0,19.88,18.831,60.628,110.294,1,18.375,0.0,68.691,76.673,0
179,322.2,-3.938,0.0,135.024,97.461,0,-25.812,0.0,148.546,109.464,0,22.03,16.493,64.415,104.881,1,17.938,0.0,68.162,76.965,0
180,324.0,-4.375,0.0,135.407,97.526,0,-26.25,0.0,148.681,109.897,0,24.062,14.142,68.029,99.316,1,17.5,0.0,67.635,77.25,0
181,325.8,-4.812,0.0,135.786,97.599,0,-26.688,0.0,148.81,110.339,0,25.963,11.836,71.481,93.693,1,17.063,0.0,67.111,77.527,0
182,327.6,-5.25,0.0,136.161,97.678,0,-27.125,0.0,148.932,110.789,0,27.72,9.628,74.771,88.107,1,16.625,0.0,66.589,77.797,0
183,329.4,-5.687,0.0,136.533,97.765,0,-27.562,0.0,149.049,111.248,0,29.319,7.566,77.883,82.658,1,16.188,0.0,66.068,78.06,0
184,331.2,-6.125,0.0,136.9,97.858,0,-28.0,0.0,149.159,111.716,0,30.747,5.691,80.788,77.458,1,15.75,0.0,65.55,78.316,0
185,333.0,-6.562,0.0,137.263,97.959,0,-28.438,0.0,149.263,112.192,0,31.992,4.037,83.44,72.63,1,15.312,0.0,65.035,78.564,0
186,334.8,-7.0,0.0,137.621,98.066,0,-28.875,0.0,149.36,112.678,0,33.04,2.636,85.782,68.317,1,14.875,0.0,64.521,78.805,0
187,336.6,-7.438,0.0,137.976,98.18,0,-29.312,0.0,149.451,113.173,0,33.878,1.51,87.742,64.676,1,14.437,0.0,64.01,79.039,0
188,338.4,-7.875,0.0,138.327,98.301,0,-29.75,0.0,149.535,113.677,0,34.493,0.683,89.238,61.88,1,14.0,0.0,63.501,79.266,0
189,340.2,-8.312,0.0,138.673,98.43,0,-30.188,0.0,149.613,114.191,0,34.871,0.174,90.187,60.1,1,13.563,0.0,62.994,79.486,0
190,342.0,-8.75,0.0,139.015,98.565,0,-30.625,0.0,149.683,114.714,0,35.0,0.0,90.516,59.482,0,13.125,0.0,62.49,79.698,0
191,343.8,-9.187,0.0,139.352,98.707,0,-31.062,0.0,149.747,115.247,0,34.563,0.0,89.888,60.112,0,12.688,0.0,61.988,79.904,0
192,345.6,-9.625,0.0,139.686,98.856,0,-31.5,0.0,149.804,115.79,0,34.125,0.0,89.264,60.731,0,12.25,0.0,61.488,80.102,0
193,347.4,-10.062,0.0,140.014,99.012,0,-31.937,0.0,149.854,116.343,0,33.688,0.0,88.643,61.338,0,11.813,0.0,60.991,80.293,0
194,349.2,-10.5,0.0,140.339,99.175,0,-32.375,0.0,149.897,116.907,0,33.25,0.0,88.027,61.934,0,11.375,0.0,60.496,80.478,0
195,351.0,-10.938,0.0,140.658,99.345,0,-32.812,0.0,149.933,117.481,0,32.812,0.0,87.414,62.519,0,10.938,0.0,60.004,80.655,0
196,352.8,-11.375,0.0,140.974,99.522,0,-33.25,0.0,149.961,118.066,0,32.375,0.0,86.804,63.093,0,10.5,0.0,59.514,80.825,0
197,354.6,-11.813,0.0,141.284,99.707,0,-33.687,0.0,149.981,118.662,0,31.938,0.0,86.198,63.657,0,10.063,0.0,59.026,80.988,0
198,356.4,-12.25,0.0,141.59,99.898,0,-34.125,0.0,149.995,119.269,0,31.5,0.0,85.595,64.21,0,9.625,0.0,58.542,81.144,0
199,358.2,-12.687,0.0,141.892,100.096,0,-34.562,0.0,150.0,119.888,0,31.062,0.0,84.995,64.753,0,9.188,0.0,58.059,81.293,0
